{
  "quarries": [
    {
      "quarryId": "quarry-large-0",
      "x": 179.01340103521943,
      "z": 218.64449964184314,
      "maxYield": 1500
    },
    {
      "quarryId": "quarry-small-0",
      "x": 228.49957237765193,
      "z": -11.792831075377762,
      "maxYield": 650
    },
    {
      "quarryId": "quarry-small-1",
      "x": -303.97058827243745,
      "z": 193.37366280145943,
      "maxYield": 650
    }
  ]
}